-- =============================================================================
-- SOFTMED V3 - Datos de prueba
-- Ejecutar DESPUÉS de migracion-v3.sql
-- Genera: personas, pacientes, instituciones, usuarios, tenants, y 220 exámenes
-- con logs de transición coherentes respetando el flujo de estados.
-- =============================================================================

-- ─── LIMPIAR datos previos de prueba (en orden por FK) ──────────────────────
DELETE FROM TBL_LOG_EDICION_EXAMEN;
DELETE FROM TBL_LOG_EXAMEN;
DELETE FROM TBL_COBROS_EXAMEN;
DELETE FROM TBL_EXAMEN_EXTENDIDO;
DELETE FROM TBL_EXAMEN_ADJUNTO WHERE 1=1;
DELETE FROM TBL_MUESTRA WHERE 1=1;
DELETE FROM TBL_EXAMEN;

-- ─── PERSONAS DE PRUEBA (si no existen) ─────────────────────────────────────
INSERT IGNORE INTO TBL_PERSONA (id_persona, nombres, apellidos, identificador, fecha_nacimiento, sexo, telefono, email) VALUES
    (1, 'Juan',    'Pérez García',    '12345678-9', '1980-03-15', 'M', '+56912345678', 'juan.perez@test.cl'),
    (2, 'María',   'López Soto',      '23456789-0', '1992-07-22', 'F', '+56923456789', 'maria.lopez@test.cl'),
    (3, 'Carlos',  'Rodríguez Vega',  '34567890-1', '1975-11-08', 'M', '+56934567890', 'carlos.rodriguez@test.cl'),
    (4, 'Ana',     'Martínez Ríos',   '45678901-2', '1988-01-30', 'F', '+56945678901', 'ana.martinez@test.cl'),
    (5, 'Pedro',   'González Muñoz',  '56789012-3', '1965-05-12', 'M', '+56956789012', 'pedro.gonzalez@test.cl'),
    (6, 'Lucía',   'Hernández Castro','67890123-4', '1990-09-18', 'F', '+56967890123', 'lucia.hernandez@test.cl'),
    (7, 'Roberto', 'Díaz Fuentes',    '78901234-5', '1978-12-25', 'M', '+56978901234', 'roberto.diaz@test.cl'),
    (8, 'Sofía',   'Torres Bravo',    '89012345-6', '1995-04-03', 'F', '+56989012345', 'sofia.torres@test.cl'),
    (9, 'Miguel',  'Vargas Pinto',    '90123456-7', '1983-08-14', 'M', '+56990123456', 'miguel.vargas@test.cl'),
    (10,'Carmen',  'Reyes Olivares',  '01234567-8', '1970-06-20', 'F', '+56901234567', 'carmen.reyes@test.cl'),
    -- Más pacientes para variedad
    (11,'Felipe',  'Araya Contreras', '11111111-1', '1987-02-10', 'M', '+56911111111', 'felipe.araya@test.cl'),
    (12,'Valentina','Sánchez Mora',   '22222222-2', '1993-10-05', 'F', '+56922222222', 'valentina.sanchez@test.cl'),
    (13,'Andrés',  'Figueroa Lagos',  '33333333-3', '1972-07-28', 'M', '+56933333333', 'andres.figueroa@test.cl'),
    (14,'Daniela', 'Cortés Espinoza', '44444444-4', '1985-04-15', 'F', '+56944444444', 'daniela.cortes@test.cl'),
    (15,'Tomás',   'Morales Aravena', '55555555-5', '1998-12-01', 'M', '+56955555555', 'tomas.morales@test.cl'),
    -- Personas para usuarios/empleados
    (100, 'Admin',    'Sistema',       '99999999-9', '1985-01-01', 'M', '+56999999999', 'admin@softmed.cl'),
    (101, 'Jefe',     'Laboratorio',   '88888888-8', '1980-06-15', 'M', '+56988888888', 'jefe@softmed.cl'),
    (102, 'Doctor',   'Solicitante',   '77777777-7', '1975-03-20', 'M', '+56977777777', 'doctor@softmed.cl'),
    (103, 'Técnico',  'Informante',    '66666666-6', '1990-09-10', 'M', '+56966666666', 'tecnico@softmed.cl');

-- ─── INSTITUCIONES ──────────────────────────────────────────────────────────
INSERT IGNORE INTO TBL_INSTITUCION (id_institucion, nombre, direccion, telefono, email, activo) VALUES
    (1, 'Hospital Central Santiago',     'Av. Libertador 1234, Santiago', '+56221234567', 'contacto@hcs.cl', 1),
    (2, 'Clínica San José',             'Calle Los Pinos 567, Providencia', '+56222345678', 'info@csj.cl', 1),
    (3, 'Centro Médico del Sur',        'Av. Sur 890, Temuco', '+56223456789', 'contacto@cms.cl', 1);

-- ─── TENANTS ────────────────────────────────────────────────────────────────
INSERT IGNORE INTO TBL_TENANT (id_tenant, id_institucion, nombre, activo) VALUES
    (1, 1, 'Tenant Hospital Central', 1),
    (2, 2, 'Tenant Clínica San José', 1),
    (3, 3, 'Tenant Centro Médico Sur', 1);

-- ─── TIPO SOLICITUD ─────────────────────────────────────────────────────────
INSERT IGNORE INTO TBL_TIPO_SOLICITUD (id_tipo_solicitud, nombre, activo) VALUES
    (1, 'Biopsia', 1),
    (2, 'Citología', 1),
    (3, 'Inmunohistoquímica', 1),
    (4, 'PAP', 1);

-- ─── USUARIOS ───────────────────────────────────────────────────────────────
INSERT IGNORE INTO TBL_USUARIO (id_usuario, id_persona, email, password_hash, password_salt, activo, requiere_cambio) VALUES
    (1, 100, 'admin@softmed.cl',   'hash_placeholder', 'salt_placeholder', 1, 0),
    (2, 101, 'jefe@softmed.cl',    'hash_placeholder', 'salt_placeholder', 1, 0),
    (3, 102, 'doctor@softmed.cl',  'hash_placeholder', 'salt_placeholder', 1, 0),
    (4, 103, 'tecnico@softmed.cl', 'hash_placeholder', 'salt_placeholder', 1, 0);

-- ─── ROLES ──────────────────────────────────────────────────────────────────
INSERT IGNORE INTO TBL_ROL (id_rol, nombre, activo) VALUES
    (1, 'SM_DEVELOPER', 1),
    (2, 'SM_ADM_SISTEMA', 1),
    (3, 'SM_JEFE_LABORATORIO', 1),
    (4, 'SM_SOLICITANTE', 1),
    (5, 'SM_INFORMANTE', 1);

-- ─── USUARIO-ROL ────────────────────────────────────────────────────────────
INSERT IGNORE INTO TBL_USUARIO_ROL (id_usuario, id_rol) VALUES
    (1, 1), (1, 2),  -- admin: DEVELOPER + ADM_SISTEMA
    (2, 3),           -- jefe: JEFE_LABORATORIO
    (3, 4),           -- doctor: SOLICITANTE
    (4, 5);           -- tecnico: INFORMANTE

-- =============================================================================
-- GENERAR 220 EXÁMENES CON ESTADOS DISTRIBUIDOS Y LOGS COHERENTES
-- =============================================================================
-- Distribución de estados:
--   CREADO(1):            10 exámenes  (id 1-10)
--   PARA_ETIQUETAR(2):    10           (id 11-20)
--   PARA_ACOPIO(3):        8           (id 21-28)
--   EN_ACOPIO(4):          8           (id 29-36)
--   VIA_ACOPIO(5):         8           (id 37-44)
--   EN_TRANSITO(6):        8           (id 45-52)
--   EN_LABORATORIO(7):    15           (id 53-67)
--   EN_PROCESO(8):        15           (id 68-82)
--   EN_MACROSCOPIA(9):    12           (id 83-94)
--   EN_LAB_TEC(10):       12           (id 95-106)
--   EN_MICROSCOPIA(11):   10           (id 107-116)
--   PROCESADA(12):        10           (id 117-126)
--   EN_TRANSCRIPCION(13): 10           (id 127-136)
--   EN_DIAGNOSTICO(14):   10           (id 137-146)
--   POR_VALIDAR(15):       8           (id 147-154)
--   POR_FIRMAR(16):        8           (id 155-162)
--   FIRMADO(17):          20           (id 163-182)
--   ENTREGADO(18):        20           (id 183-202)
--   RECHAZADO(19):         8           (id 203-210)
--   ANULADO(20):           5           (id 211-215)
--   RE_FIRMADO(21):        3           (id 216-218)
--   RE_ENTREGADO(22):      2           (id 219-220)
-- =============================================================================

-- Procedimiento para insertar exámenes y sus logs de forma coherente
-- Usamos un approach directo con INSERTs masivos.

-- ─── INSERTAR EXÁMENES ──────────────────────────────────────────────────────
-- Formato: (id_examen, barcode, id_paciente, id_institucion, id_tipo_solicitud,
--           fecha_muestra, id_estado, fecha_creacion, fecha_recepcion, fecha_firma, fecha_entrega,
--           critico, urgente, id_signatario)

INSERT INTO TBL_EXAMEN (id_examen, barcode, id_paciente, id_institucion, id_tipo_solicitud, fecha_muestra, id_estado, fecha_creacion, fecha_recepcion, fecha_firma, fecha_entrega, critico, urgente, id_signatario) VALUES
-- CREADO(1): 10 exámenes
(1,  'SM1170100001', 1, 1, 1, '2026-03-25', 1, '2026-03-28 08:00:00', NULL, NULL, NULL, 0, 0, NULL),
(2,  'SM1170100002', 2, 1, 2, '2026-03-25', 1, '2026-03-28 08:15:00', NULL, NULL, NULL, 0, 0, NULL),
(3,  'SM1170100003', 3, 1, 3, '2026-03-26', 1, '2026-03-28 09:00:00', NULL, NULL, NULL, 0, 1, NULL),
(4,  'SM1170100004', 4, 2, 1, '2026-03-26', 1, '2026-03-28 09:30:00', NULL, NULL, NULL, 1, 0, NULL),
(5,  'SM1170100005', 5, 2, 2, '2026-03-27', 1, '2026-03-29 08:00:00', NULL, NULL, NULL, 0, 0, NULL),
(6,  'SM1170100006', 6, 2, 4, '2026-03-27', 1, '2026-03-29 08:30:00', NULL, NULL, NULL, 0, 0, NULL),
(7,  'SM1170100007', 7, 3, 1, '2026-03-27', 1, '2026-03-29 09:00:00', NULL, NULL, NULL, 0, 0, NULL),
(8,  'SM1170100008', 8, 3, 3, '2026-03-28', 1, '2026-03-30 08:00:00', NULL, NULL, NULL, 0, 1, NULL),
(9,  'SM1170100009', 9, 1, 2, '2026-03-28', 1, '2026-03-30 09:00:00', NULL, NULL, NULL, 0, 0, NULL),
(10, 'SM1170100010',10, 1, 1, '2026-03-29', 1, '2026-03-30 10:00:00', NULL, NULL, NULL, 0, 0, NULL),

-- PARA_ETIQUETAR(2): 10 exámenes
(11, 'SM1170100011', 11, 1, 1, '2026-03-24', 2, '2026-03-27 08:00:00', NULL, NULL, NULL, 0, 0, NULL),
(12, 'SM1170100012', 12, 1, 2, '2026-03-24', 2, '2026-03-27 08:30:00', NULL, NULL, NULL, 0, 0, NULL),
(13, 'SM1170100013', 13, 2, 3, '2026-03-24', 2, '2026-03-27 09:00:00', NULL, NULL, NULL, 1, 0, NULL),
(14, 'SM1170100014', 14, 2, 4, '2026-03-24', 2, '2026-03-27 09:30:00', NULL, NULL, NULL, 0, 0, NULL),
(15, 'SM1170100015', 15, 3, 1, '2026-03-25', 2, '2026-03-27 10:00:00', NULL, NULL, NULL, 0, 1, NULL),
(16, 'SM1170100016',  1, 1, 2, '2026-03-25', 2, '2026-03-27 10:30:00', NULL, NULL, NULL, 0, 0, NULL),
(17, 'SM1170100017',  2, 1, 1, '2026-03-25', 2, '2026-03-27 11:00:00', NULL, NULL, NULL, 0, 0, NULL),
(18, 'SM1170100018',  3, 2, 3, '2026-03-25', 2, '2026-03-27 11:30:00', NULL, NULL, NULL, 0, 0, NULL),
(19, 'SM1170100019',  4, 3, 2, '2026-03-26', 2, '2026-03-28 08:00:00', NULL, NULL, NULL, 0, 0, NULL),
(20, 'SM1170100020',  5, 3, 4, '2026-03-26', 2, '2026-03-28 08:30:00', NULL, NULL, NULL, 0, 0, NULL),

-- PARA_ACOPIO(3): 8 exámenes
(21, 'SM1170100021',  6, 1, 1, '2026-03-23', 3, '2026-03-26 08:00:00', NULL, NULL, NULL, 0, 0, NULL),
(22, 'SM1170100022',  7, 1, 2, '2026-03-23', 3, '2026-03-26 08:30:00', NULL, NULL, NULL, 0, 0, NULL),
(23, 'SM1170100023',  8, 2, 3, '2026-03-23', 3, '2026-03-26 09:00:00', NULL, NULL, NULL, 0, 0, NULL),
(24, 'SM1170100024',  9, 2, 1, '2026-03-23', 3, '2026-03-26 09:30:00', NULL, NULL, NULL, 1, 0, NULL),
(25, 'SM1170100025', 10, 3, 2, '2026-03-24', 3, '2026-03-26 10:00:00', NULL, NULL, NULL, 0, 0, NULL),
(26, 'SM1170100026', 11, 3, 4, '2026-03-24', 3, '2026-03-26 10:30:00', NULL, NULL, NULL, 0, 0, NULL),
(27, 'SM1170100027', 12, 1, 1, '2026-03-24', 3, '2026-03-26 11:00:00', NULL, NULL, NULL, 0, 0, NULL),
(28, 'SM1170100028', 13, 2, 3, '2026-03-24', 3, '2026-03-26 11:30:00', NULL, NULL, NULL, 0, 1, NULL),

-- EN_ACOPIO(4): 8
(29, 'SM1170100029', 14, 1, 1, '2026-03-22', 4, '2026-03-25 08:00:00', NULL, NULL, NULL, 0, 0, NULL),
(30, 'SM1170100030', 15, 1, 2, '2026-03-22', 4, '2026-03-25 08:30:00', NULL, NULL, NULL, 0, 0, NULL),
(31, 'SM1170100031',  1, 2, 3, '2026-03-22', 4, '2026-03-25 09:00:00', NULL, NULL, NULL, 0, 0, NULL),
(32, 'SM1170100032',  2, 2, 4, '2026-03-22', 4, '2026-03-25 09:30:00', NULL, NULL, NULL, 0, 0, NULL),
(33, 'SM1170100033',  3, 3, 1, '2026-03-22', 4, '2026-03-25 10:00:00', NULL, NULL, NULL, 1, 0, NULL),
(34, 'SM1170100034',  4, 3, 2, '2026-03-23', 4, '2026-03-25 10:30:00', NULL, NULL, NULL, 0, 0, NULL),
(35, 'SM1170100035',  5, 1, 1, '2026-03-23', 4, '2026-03-25 11:00:00', NULL, NULL, NULL, 0, 0, NULL),
(36, 'SM1170100036',  6, 1, 3, '2026-03-23', 4, '2026-03-25 11:30:00', NULL, NULL, NULL, 0, 0, NULL),

-- VIA_ACOPIO(5): 8
(37, 'SM1170100037',  7, 2, 1, '2026-03-21', 5, '2026-03-24 08:00:00', NULL, NULL, NULL, 0, 0, NULL),
(38, 'SM1170100038',  8, 2, 2, '2026-03-21', 5, '2026-03-24 08:30:00', NULL, NULL, NULL, 0, 0, NULL),
(39, 'SM1170100039',  9, 3, 3, '2026-03-21', 5, '2026-03-24 09:00:00', NULL, NULL, NULL, 0, 0, NULL),
(40, 'SM1170100040', 10, 3, 4, '2026-03-21', 5, '2026-03-24 09:30:00', NULL, NULL, NULL, 0, 1, NULL),
(41, 'SM1170100041', 11, 1, 1, '2026-03-22', 5, '2026-03-24 10:00:00', NULL, NULL, NULL, 0, 0, NULL),
(42, 'SM1170100042', 12, 1, 2, '2026-03-22', 5, '2026-03-24 10:30:00', NULL, NULL, NULL, 0, 0, NULL),
(43, 'SM1170100043', 13, 2, 1, '2026-03-22', 5, '2026-03-24 11:00:00', NULL, NULL, NULL, 0, 0, NULL),
(44, 'SM1170100044', 14, 2, 3, '2026-03-22', 5, '2026-03-24 11:30:00', NULL, NULL, NULL, 0, 0, NULL),

-- EN_TRANSITO(6): 8
(45, 'SM1170100045', 15, 3, 1, '2026-03-20', 6, '2026-03-23 08:00:00', NULL, NULL, NULL, 0, 0, NULL),
(46, 'SM1170100046',  1, 3, 2, '2026-03-20', 6, '2026-03-23 08:30:00', NULL, NULL, NULL, 0, 0, NULL),
(47, 'SM1170100047',  2, 1, 4, '2026-03-20', 6, '2026-03-23 09:00:00', NULL, NULL, NULL, 0, 0, NULL),
(48, 'SM1170100048',  3, 1, 1, '2026-03-20', 6, '2026-03-23 09:30:00', NULL, NULL, NULL, 1, 0, NULL),
(49, 'SM1170100049',  4, 2, 2, '2026-03-21', 6, '2026-03-23 10:00:00', NULL, NULL, NULL, 0, 0, NULL),
(50, 'SM1170100050',  5, 2, 3, '2026-03-21', 6, '2026-03-23 10:30:00', NULL, NULL, NULL, 0, 0, NULL),
(51, 'SM1170100051',  6, 3, 1, '2026-03-21', 6, '2026-03-23 11:00:00', NULL, NULL, NULL, 0, 0, NULL),
(52, 'SM1170100052',  7, 1, 2, '2026-03-21', 6, '2026-03-23 11:30:00', NULL, NULL, NULL, 0, 1, NULL),

-- EN_LABORATORIO(7): 15
(53, 'SM1170100053',  8, 1, 1, '2026-03-18', 7, '2026-03-21 08:00:00', '2026-03-22 10:00:00', NULL, NULL, 0, 0, NULL),
(54, 'SM1170100054',  9, 1, 2, '2026-03-18', 7, '2026-03-21 08:30:00', '2026-03-22 10:30:00', NULL, NULL, 0, 0, NULL),
(55, 'SM1170100055', 10, 2, 3, '2026-03-18', 7, '2026-03-21 09:00:00', '2026-03-22 11:00:00', NULL, NULL, 0, 0, NULL),
(56, 'SM1170100056', 11, 2, 4, '2026-03-18', 7, '2026-03-21 09:30:00', '2026-03-22 11:30:00', NULL, NULL, 1, 0, NULL),
(57, 'SM1170100057', 12, 3, 1, '2026-03-19', 7, '2026-03-21 10:00:00', '2026-03-22 14:00:00', NULL, NULL, 0, 0, NULL),
(58, 'SM1170100058', 13, 3, 2, '2026-03-19', 7, '2026-03-21 10:30:00', '2026-03-22 14:30:00', NULL, NULL, 0, 0, NULL),
(59, 'SM1170100059', 14, 1, 3, '2026-03-19', 7, '2026-03-21 11:00:00', '2026-03-22 15:00:00', NULL, NULL, 0, 0, NULL),
(60, 'SM1170100060', 15, 1, 1, '2026-03-19', 7, '2026-03-21 11:30:00', '2026-03-22 15:30:00', NULL, NULL, 0, 1, NULL),
(61, 'SM1170100061',  1, 2, 2, '2026-03-19', 7, '2026-03-22 08:00:00', '2026-03-23 09:00:00', NULL, NULL, 0, 0, NULL),
(62, 'SM1170100062',  2, 2, 4, '2026-03-20', 7, '2026-03-22 08:30:00', '2026-03-23 09:30:00', NULL, NULL, 0, 0, NULL),
(63, 'SM1170100063',  3, 3, 1, '2026-03-20', 7, '2026-03-22 09:00:00', '2026-03-23 10:00:00', NULL, NULL, 0, 0, NULL),
(64, 'SM1170100064',  4, 3, 3, '2026-03-20', 7, '2026-03-22 09:30:00', '2026-03-23 10:30:00', NULL, NULL, 0, 0, NULL),
(65, 'SM1170100065',  5, 1, 2, '2026-03-20', 7, '2026-03-22 10:00:00', '2026-03-23 11:00:00', NULL, NULL, 0, 0, NULL),
(66, 'SM1170100066',  6, 1, 1, '2026-03-20', 7, '2026-03-22 10:30:00', '2026-03-23 11:30:00', NULL, NULL, 0, 0, NULL),
(67, 'SM1170100067',  7, 2, 4, '2026-03-21', 7, '2026-03-22 11:00:00', '2026-03-23 14:00:00', NULL, NULL, 1, 0, NULL),

-- EN_PROCESO(8): 15
(68, 'SM1170100068',  8, 1, 1, '2026-03-16', 8, '2026-03-19 08:00:00', '2026-03-20 10:00:00', NULL, NULL, 0, 0, NULL),
(69, 'SM1170100069',  9, 1, 2, '2026-03-16', 8, '2026-03-19 08:30:00', '2026-03-20 10:30:00', NULL, NULL, 0, 0, NULL),
(70, 'SM1170100070', 10, 2, 3, '2026-03-16', 8, '2026-03-19 09:00:00', '2026-03-20 11:00:00', NULL, NULL, 0, 0, NULL),
(71, 'SM1170100071', 11, 2, 1, '2026-03-17', 8, '2026-03-19 09:30:00', '2026-03-20 11:30:00', NULL, NULL, 0, 0, NULL),
(72, 'SM1170100072', 12, 3, 2, '2026-03-17', 8, '2026-03-19 10:00:00', '2026-03-20 14:00:00', NULL, NULL, 0, 0, NULL),
(73, 'SM1170100073', 13, 3, 4, '2026-03-17', 8, '2026-03-19 10:30:00', '2026-03-20 14:30:00', NULL, NULL, 1, 0, NULL),
(74, 'SM1170100074', 14, 1, 1, '2026-03-17', 8, '2026-03-19 11:00:00', '2026-03-20 15:00:00', NULL, NULL, 0, 0, NULL),
(75, 'SM1170100075', 15, 1, 3, '2026-03-17', 8, '2026-03-19 11:30:00', '2026-03-20 15:30:00', NULL, NULL, 0, 1, NULL),
(76, 'SM1170100076',  1, 2, 2, '2026-03-18', 8, '2026-03-20 08:00:00', '2026-03-21 09:00:00', NULL, NULL, 0, 0, NULL),
(77, 'SM1170100077',  2, 2, 1, '2026-03-18', 8, '2026-03-20 08:30:00', '2026-03-21 09:30:00', NULL, NULL, 0, 0, NULL),
(78, 'SM1170100078',  3, 3, 4, '2026-03-18', 8, '2026-03-20 09:00:00', '2026-03-21 10:00:00', NULL, NULL, 0, 0, NULL),
(79, 'SM1170100079',  4, 3, 2, '2026-03-18', 8, '2026-03-20 09:30:00', '2026-03-21 10:30:00', NULL, NULL, 0, 0, NULL),
(80, 'SM1170100080',  5, 1, 3, '2026-03-19', 8, '2026-03-20 10:00:00', '2026-03-21 11:00:00', NULL, NULL, 0, 0, NULL),
(81, 'SM1170100081',  6, 1, 1, '2026-03-19', 8, '2026-03-20 10:30:00', '2026-03-21 11:30:00', NULL, NULL, 0, 0, NULL),
(82, 'SM1170100082',  7, 2, 2, '2026-03-19', 8, '2026-03-20 11:00:00', '2026-03-21 14:00:00', NULL, NULL, 0, 0, NULL),

-- EN_MACROSCOPIA(9): 12
(83, 'SM1170100083',  8, 1, 1, '2026-03-14', 9, '2026-03-17 08:00:00', '2026-03-18 10:00:00', NULL, NULL, 0, 0, NULL),
(84, 'SM1170100084',  9, 1, 3, '2026-03-14', 9, '2026-03-17 08:30:00', '2026-03-18 10:30:00', NULL, NULL, 0, 0, NULL),
(85, 'SM1170100085', 10, 2, 2, '2026-03-14', 9, '2026-03-17 09:00:00', '2026-03-18 11:00:00', NULL, NULL, 0, 0, NULL),
(86, 'SM1170100086', 11, 2, 1, '2026-03-15', 9, '2026-03-17 09:30:00', '2026-03-18 11:30:00', NULL, NULL, 1, 0, NULL),
(87, 'SM1170100087', 12, 3, 4, '2026-03-15', 9, '2026-03-17 10:00:00', '2026-03-18 14:00:00', NULL, NULL, 0, 0, NULL),
(88, 'SM1170100088', 13, 3, 1, '2026-03-15', 9, '2026-03-17 10:30:00', '2026-03-18 14:30:00', NULL, NULL, 0, 0, NULL),
(89, 'SM1170100089', 14, 1, 3, '2026-03-15', 9, '2026-03-17 11:00:00', '2026-03-18 15:00:00', NULL, NULL, 0, 0, NULL),
(90, 'SM1170100090', 15, 1, 2, '2026-03-16', 9, '2026-03-17 11:30:00', '2026-03-18 15:30:00', NULL, NULL, 0, 1, NULL),
(91, 'SM1170100091',  1, 2, 1, '2026-03-16', 9, '2026-03-18 08:00:00', '2026-03-19 09:00:00', NULL, NULL, 0, 0, NULL),
(92, 'SM1170100092',  2, 2, 4, '2026-03-16', 9, '2026-03-18 08:30:00', '2026-03-19 09:30:00', NULL, NULL, 0, 0, NULL),
(93, 'SM1170100093',  3, 3, 2, '2026-03-16', 9, '2026-03-18 09:00:00', '2026-03-19 10:00:00', NULL, NULL, 0, 0, NULL),
(94, 'SM1170100094',  4, 3, 3, '2026-03-16', 9, '2026-03-18 09:30:00', '2026-03-19 10:30:00', NULL, NULL, 0, 0, NULL),

-- EN_LAB_TEC(10): 12
(95,  'SM1170100095',  5, 1, 1, '2026-03-12', 10, '2026-03-15 08:00:00', '2026-03-16 10:00:00', NULL, NULL, 0, 0, NULL),
(96,  'SM1170100096',  6, 1, 2, '2026-03-12', 10, '2026-03-15 08:30:00', '2026-03-16 10:30:00', NULL, NULL, 0, 0, NULL),
(97,  'SM1170100097',  7, 2, 3, '2026-03-12', 10, '2026-03-15 09:00:00', '2026-03-16 11:00:00', NULL, NULL, 0, 0, NULL),
(98,  'SM1170100098',  8, 2, 4, '2026-03-13', 10, '2026-03-15 09:30:00', '2026-03-16 11:30:00', NULL, NULL, 0, 0, NULL),
(99,  'SM1170100099',  9, 3, 1, '2026-03-13', 10, '2026-03-15 10:00:00', '2026-03-16 14:00:00', NULL, NULL, 1, 0, NULL),
(100, 'SM1170100100', 10, 3, 2, '2026-03-13', 10, '2026-03-15 10:30:00', '2026-03-16 14:30:00', NULL, NULL, 0, 0, NULL),
(101, 'SM1170100101', 11, 1, 1, '2026-03-13', 10, '2026-03-15 11:00:00', '2026-03-16 15:00:00', NULL, NULL, 0, 0, NULL),
(102, 'SM1170100102', 12, 1, 3, '2026-03-14', 10, '2026-03-15 11:30:00', '2026-03-16 15:30:00', NULL, NULL, 0, 0, NULL),
(103, 'SM1170100103', 13, 2, 2, '2026-03-14', 10, '2026-03-16 08:00:00', '2026-03-17 09:00:00', NULL, NULL, 0, 0, NULL),
(104, 'SM1170100104', 14, 2, 4, '2026-03-14', 10, '2026-03-16 08:30:00', '2026-03-17 09:30:00', NULL, NULL, 0, 1, NULL),
(105, 'SM1170100105', 15, 3, 1, '2026-03-14', 10, '2026-03-16 09:00:00', '2026-03-17 10:00:00', NULL, NULL, 0, 0, NULL),
(106, 'SM1170100106',  1, 3, 3, '2026-03-15', 10, '2026-03-16 09:30:00', '2026-03-17 10:30:00', NULL, NULL, 0, 0, NULL),

-- EN_MICROSCOPIA(11): 10
(107, 'SM1170100107',  2, 1, 1, '2026-03-10', 11, '2026-03-13 08:00:00', '2026-03-14 10:00:00', NULL, NULL, 0, 0, NULL),
(108, 'SM1170100108',  3, 1, 2, '2026-03-10', 11, '2026-03-13 08:30:00', '2026-03-14 10:30:00', NULL, NULL, 0, 0, NULL),
(109, 'SM1170100109',  4, 2, 3, '2026-03-10', 11, '2026-03-13 09:00:00', '2026-03-14 11:00:00', NULL, NULL, 0, 0, NULL),
(110, 'SM1170100110',  5, 2, 1, '2026-03-11', 11, '2026-03-13 09:30:00', '2026-03-14 11:30:00', NULL, NULL, 1, 0, NULL),
(111, 'SM1170100111',  6, 3, 2, '2026-03-11', 11, '2026-03-13 10:00:00', '2026-03-14 14:00:00', NULL, NULL, 0, 0, NULL),
(112, 'SM1170100112',  7, 3, 4, '2026-03-11', 11, '2026-03-13 10:30:00', '2026-03-14 14:30:00', NULL, NULL, 0, 0, NULL),
(113, 'SM1170100113',  8, 1, 1, '2026-03-11', 11, '2026-03-13 11:00:00', '2026-03-14 15:00:00', NULL, NULL, 0, 0, NULL),
(114, 'SM1170100114',  9, 1, 3, '2026-03-12', 11, '2026-03-13 11:30:00', '2026-03-14 15:30:00', NULL, NULL, 0, 0, NULL),
(115, 'SM1170100115', 10, 2, 2, '2026-03-12', 11, '2026-03-14 08:00:00', '2026-03-15 09:00:00', NULL, NULL, 0, 0, NULL),
(116, 'SM1170100116', 11, 2, 1, '2026-03-12', 11, '2026-03-14 08:30:00', '2026-03-15 09:30:00', NULL, NULL, 0, 1, NULL),

-- PROCESADA(12): 10
(117, 'SM1170100117', 12, 3, 1, '2026-03-08', 12, '2026-03-11 08:00:00', '2026-03-12 10:00:00', NULL, NULL, 0, 0, NULL),
(118, 'SM1170100118', 13, 3, 2, '2026-03-08', 12, '2026-03-11 08:30:00', '2026-03-12 10:30:00', NULL, NULL, 0, 0, NULL),
(119, 'SM1170100119', 14, 1, 3, '2026-03-08', 12, '2026-03-11 09:00:00', '2026-03-12 11:00:00', NULL, NULL, 0, 0, NULL),
(120, 'SM1170100120', 15, 1, 4, '2026-03-09', 12, '2026-03-11 09:30:00', '2026-03-12 11:30:00', NULL, NULL, 1, 0, NULL),
(121, 'SM1170100121',  1, 2, 1, '2026-03-09', 12, '2026-03-11 10:00:00', '2026-03-12 14:00:00', NULL, NULL, 0, 0, NULL),
(122, 'SM1170100122',  2, 2, 2, '2026-03-09', 12, '2026-03-11 10:30:00', '2026-03-12 14:30:00', NULL, NULL, 0, 0, NULL),
(123, 'SM1170100123',  3, 3, 3, '2026-03-09', 12, '2026-03-11 11:00:00', '2026-03-12 15:00:00', NULL, NULL, 0, 0, NULL),
(124, 'SM1170100124',  4, 3, 1, '2026-03-10', 12, '2026-03-11 11:30:00', '2026-03-12 15:30:00', NULL, NULL, 0, 0, NULL),
(125, 'SM1170100125',  5, 1, 4, '2026-03-10', 12, '2026-03-12 08:00:00', '2026-03-13 09:00:00', NULL, NULL, 0, 0, NULL),
(126, 'SM1170100126',  6, 1, 2, '2026-03-10', 12, '2026-03-12 08:30:00', '2026-03-13 09:30:00', NULL, NULL, 0, 0, NULL),

-- EN_TRANSCRIPCION(13): 10
(127, 'SM1170100127',  7, 2, 1, '2026-03-06', 13, '2026-03-09 08:00:00', '2026-03-10 10:00:00', NULL, NULL, 0, 0, NULL),
(128, 'SM1170100128',  8, 2, 3, '2026-03-06', 13, '2026-03-09 08:30:00', '2026-03-10 10:30:00', NULL, NULL, 0, 0, NULL),
(129, 'SM1170100129',  9, 3, 2, '2026-03-06', 13, '2026-03-09 09:00:00', '2026-03-10 11:00:00', NULL, NULL, 0, 0, NULL),
(130, 'SM1170100130', 10, 3, 4, '2026-03-07', 13, '2026-03-09 09:30:00', '2026-03-10 11:30:00', NULL, NULL, 0, 0, NULL),
(131, 'SM1170100131', 11, 1, 1, '2026-03-07', 13, '2026-03-09 10:00:00', '2026-03-10 14:00:00', NULL, NULL, 1, 0, NULL),
(132, 'SM1170100132', 12, 1, 2, '2026-03-07', 13, '2026-03-09 10:30:00', '2026-03-10 14:30:00', NULL, NULL, 0, 0, NULL),
(133, 'SM1170100133', 13, 2, 3, '2026-03-07', 13, '2026-03-09 11:00:00', '2026-03-10 15:00:00', NULL, NULL, 0, 0, NULL),
(134, 'SM1170100134', 14, 2, 1, '2026-03-08', 13, '2026-03-09 11:30:00', '2026-03-10 15:30:00', NULL, NULL, 0, 0, NULL),
(135, 'SM1170100135', 15, 3, 4, '2026-03-08', 13, '2026-03-10 08:00:00', '2026-03-11 09:00:00', NULL, NULL, 0, 1, NULL),
(136, 'SM1170100136',  1, 3, 2, '2026-03-08', 13, '2026-03-10 08:30:00', '2026-03-11 09:30:00', NULL, NULL, 0, 0, NULL),

-- EN_DIAGNOSTICO(14): 10
(137, 'SM1170100137',  2, 1, 1, '2026-03-04', 14, '2026-03-07 08:00:00', '2026-03-08 10:00:00', NULL, NULL, 0, 0, NULL),
(138, 'SM1170100138',  3, 1, 2, '2026-03-04', 14, '2026-03-07 08:30:00', '2026-03-08 10:30:00', NULL, NULL, 0, 0, NULL),
(139, 'SM1170100139',  4, 2, 3, '2026-03-04', 14, '2026-03-07 09:00:00', '2026-03-08 11:00:00', NULL, NULL, 0, 0, NULL),
(140, 'SM1170100140',  5, 2, 1, '2026-03-05', 14, '2026-03-07 09:30:00', '2026-03-08 11:30:00', NULL, NULL, 0, 0, NULL),
(141, 'SM1170100141',  6, 3, 4, '2026-03-05', 14, '2026-03-07 10:00:00', '2026-03-08 14:00:00', NULL, NULL, 1, 0, NULL),
(142, 'SM1170100142',  7, 3, 2, '2026-03-05', 14, '2026-03-07 10:30:00', '2026-03-08 14:30:00', NULL, NULL, 0, 0, NULL),
(143, 'SM1170100143',  8, 1, 1, '2026-03-05', 14, '2026-03-07 11:00:00', '2026-03-08 15:00:00', NULL, NULL, 0, 0, NULL),
(144, 'SM1170100144',  9, 1, 3, '2026-03-06', 14, '2026-03-07 11:30:00', '2026-03-08 15:30:00', NULL, NULL, 0, 0, NULL),
(145, 'SM1170100145', 10, 2, 2, '2026-03-06', 14, '2026-03-08 08:00:00', '2026-03-09 09:00:00', NULL, NULL, 0, 0, NULL),
(146, 'SM1170100146', 11, 2, 4, '2026-03-06', 14, '2026-03-08 08:30:00', '2026-03-09 09:30:00', NULL, NULL, 0, 0, NULL),

-- POR_VALIDAR(15): 8
(147, 'SM1170100147', 12, 3, 1, '2026-03-02', 15, '2026-03-05 08:00:00', '2026-03-06 10:00:00', NULL, NULL, 0, 0, NULL),
(148, 'SM1170100148', 13, 3, 2, '2026-03-02', 15, '2026-03-05 08:30:00', '2026-03-06 10:30:00', NULL, NULL, 0, 0, NULL),
(149, 'SM1170100149', 14, 1, 3, '2026-03-02', 15, '2026-03-05 09:00:00', '2026-03-06 11:00:00', NULL, NULL, 0, 0, NULL),
(150, 'SM1170100150', 15, 1, 4, '2026-03-03', 15, '2026-03-05 09:30:00', '2026-03-06 11:30:00', NULL, NULL, 1, 0, NULL),
(151, 'SM1170100151',  1, 2, 1, '2026-03-03', 15, '2026-03-05 10:00:00', '2026-03-06 14:00:00', NULL, NULL, 0, 0, NULL),
(152, 'SM1170100152',  2, 2, 2, '2026-03-03', 15, '2026-03-05 10:30:00', '2026-03-06 14:30:00', NULL, NULL, 0, 0, NULL),
(153, 'SM1170100153',  3, 3, 1, '2026-03-03', 15, '2026-03-05 11:00:00', '2026-03-06 15:00:00', NULL, NULL, 0, 0, NULL),
(154, 'SM1170100154',  4, 3, 3, '2026-03-04', 15, '2026-03-05 11:30:00', '2026-03-06 15:30:00', NULL, NULL, 0, 1, NULL),

-- POR_FIRMAR(16): 8
(155, 'SM1170100155',  5, 1, 1, '2026-02-28', 16, '2026-03-03 08:00:00', '2026-03-04 10:00:00', NULL, NULL, 0, 0, NULL),
(156, 'SM1170100156',  6, 1, 2, '2026-02-28', 16, '2026-03-03 08:30:00', '2026-03-04 10:30:00', NULL, NULL, 0, 0, NULL),
(157, 'SM1170100157',  7, 2, 3, '2026-02-28', 16, '2026-03-03 09:00:00', '2026-03-04 11:00:00', NULL, NULL, 0, 0, NULL),
(158, 'SM1170100158',  8, 2, 4, '2026-03-01', 16, '2026-03-03 09:30:00', '2026-03-04 11:30:00', NULL, NULL, 0, 0, NULL),
(159, 'SM1170100159',  9, 3, 1, '2026-03-01', 16, '2026-03-03 10:00:00', '2026-03-04 14:00:00', NULL, NULL, 1, 0, NULL),
(160, 'SM1170100160', 10, 3, 2, '2026-03-01', 16, '2026-03-03 10:30:00', '2026-03-04 14:30:00', NULL, NULL, 0, 0, NULL),
(161, 'SM1170100161', 11, 1, 1, '2026-03-01', 16, '2026-03-03 11:00:00', '2026-03-04 15:00:00', NULL, NULL, 0, 0, NULL),
(162, 'SM1170100162', 12, 1, 4, '2026-03-02', 16, '2026-03-03 11:30:00', '2026-03-04 15:30:00', NULL, NULL, 0, 0, NULL),

-- FIRMADO(17): 20
(163, 'SM1170100163', 13, 2, 1, '2026-02-25', 17, '2026-02-28 08:00:00', '2026-03-01 10:00:00', '2026-03-03 09:00:00', NULL, 0, 0, 2),
(164, 'SM1170100164', 14, 2, 2, '2026-02-25', 17, '2026-02-28 08:30:00', '2026-03-01 10:30:00', '2026-03-03 09:30:00', NULL, 0, 0, 2),
(165, 'SM1170100165', 15, 3, 3, '2026-02-25', 17, '2026-02-28 09:00:00', '2026-03-01 11:00:00', '2026-03-03 10:00:00', NULL, 0, 0, 2),
(166, 'SM1170100166',  1, 3, 4, '2026-02-26', 17, '2026-02-28 09:30:00', '2026-03-01 11:30:00', '2026-03-03 10:30:00', NULL, 0, 0, 2),
(167, 'SM1170100167',  2, 1, 1, '2026-02-26', 17, '2026-02-28 10:00:00', '2026-03-01 14:00:00', '2026-03-03 11:00:00', NULL, 0, 0, 2),
(168, 'SM1170100168',  3, 1, 2, '2026-02-26', 17, '2026-02-28 10:30:00', '2026-03-01 14:30:00', '2026-03-03 11:30:00', NULL, 1, 0, 2),
(169, 'SM1170100169',  4, 2, 3, '2026-02-26', 17, '2026-02-28 11:00:00', '2026-03-01 15:00:00', '2026-03-03 14:00:00', NULL, 0, 0, 2),
(170, 'SM1170100170',  5, 2, 1, '2026-02-27', 17, '2026-02-28 11:30:00', '2026-03-01 15:30:00', '2026-03-03 14:30:00', NULL, 0, 0, 2),
(171, 'SM1170100171',  6, 3, 2, '2026-02-27', 17, '2026-03-01 08:00:00', '2026-03-02 09:00:00', '2026-03-03 15:00:00', NULL, 0, 0, 2),
(172, 'SM1170100172',  7, 3, 4, '2026-02-27', 17, '2026-03-01 08:30:00', '2026-03-02 09:30:00', '2026-03-03 15:30:00', NULL, 0, 1, 2),
(173, 'SM1170100173',  8, 1, 1, '2026-02-27', 17, '2026-03-01 09:00:00', '2026-03-02 10:00:00', '2026-03-04 09:00:00', NULL, 0, 0, 2),
(174, 'SM1170100174',  9, 1, 3, '2026-02-28', 17, '2026-03-01 09:30:00', '2026-03-02 10:30:00', '2026-03-04 09:30:00', NULL, 0, 0, 2),
(175, 'SM1170100175', 10, 2, 2, '2026-02-28', 17, '2026-03-01 10:00:00', '2026-03-02 11:00:00', '2026-03-04 10:00:00', NULL, 0, 0, 2),
(176, 'SM1170100176', 11, 2, 1, '2026-02-28', 17, '2026-03-01 10:30:00', '2026-03-02 11:30:00', '2026-03-04 10:30:00', NULL, 0, 0, 2),
(177, 'SM1170100177', 12, 3, 4, '2026-03-01', 17, '2026-03-01 11:00:00', '2026-03-02 14:00:00', '2026-03-04 11:00:00', NULL, 0, 0, 2),
(178, 'SM1170100178', 13, 3, 2, '2026-03-01', 17, '2026-03-01 11:30:00', '2026-03-02 14:30:00', '2026-03-04 11:30:00', NULL, 0, 0, 2),
(179, 'SM1170100179', 14, 1, 3, '2026-03-01', 17, '2026-03-02 08:00:00', '2026-03-03 09:00:00', '2026-03-04 14:00:00', NULL, 0, 0, 2),
(180, 'SM1170100180', 15, 1, 1, '2026-03-01', 17, '2026-03-02 08:30:00', '2026-03-03 09:30:00', '2026-03-04 14:30:00', NULL, 1, 0, 2),
(181, 'SM1170100181',  1, 2, 2, '2026-03-02', 17, '2026-03-02 09:00:00', '2026-03-03 10:00:00', '2026-03-04 15:00:00', NULL, 0, 0, 2),
(182, 'SM1170100182',  2, 2, 1, '2026-03-02', 17, '2026-03-02 09:30:00', '2026-03-03 10:30:00', '2026-03-04 15:30:00', NULL, 0, 0, 2),

-- ENTREGADO(18): 20
(183, 'SM1170100183',  3, 3, 1, '2026-02-20', 18, '2026-02-23 08:00:00', '2026-02-24 10:00:00', '2026-02-27 09:00:00', '2026-02-28 10:00:00', 0, 0, 2),
(184, 'SM1170100184',  4, 3, 2, '2026-02-20', 18, '2026-02-23 08:30:00', '2026-02-24 10:30:00', '2026-02-27 09:30:00', '2026-02-28 10:30:00', 0, 0, 2),
(185, 'SM1170100185',  5, 1, 3, '2026-02-20', 18, '2026-02-23 09:00:00', '2026-02-24 11:00:00', '2026-02-27 10:00:00', '2026-02-28 11:00:00', 0, 0, 2),
(186, 'SM1170100186',  6, 1, 4, '2026-02-21', 18, '2026-02-23 09:30:00', '2026-02-24 11:30:00', '2026-02-27 10:30:00', '2026-02-28 11:30:00', 0, 0, 2),
(187, 'SM1170100187',  7, 2, 1, '2026-02-21', 18, '2026-02-23 10:00:00', '2026-02-24 14:00:00', '2026-02-27 11:00:00', '2026-02-28 14:00:00', 0, 0, 2),
(188, 'SM1170100188',  8, 2, 2, '2026-02-21', 18, '2026-02-23 10:30:00', '2026-02-24 14:30:00', '2026-02-27 11:30:00', '2026-02-28 14:30:00', 1, 0, 2),
(189, 'SM1170100189',  9, 3, 3, '2026-02-21', 18, '2026-02-23 11:00:00', '2026-02-24 15:00:00', '2026-02-27 14:00:00', '2026-02-28 15:00:00', 0, 0, 2),
(190, 'SM1170100190', 10, 3, 1, '2026-02-22', 18, '2026-02-23 11:30:00', '2026-02-24 15:30:00', '2026-02-27 14:30:00', '2026-02-28 15:30:00', 0, 0, 2),
(191, 'SM1170100191', 11, 1, 4, '2026-02-22', 18, '2026-02-24 08:00:00', '2026-02-25 09:00:00', '2026-02-27 15:00:00', '2026-03-01 09:00:00', 0, 0, 2),
(192, 'SM1170100192', 12, 1, 2, '2026-02-22', 18, '2026-02-24 08:30:00', '2026-02-25 09:30:00', '2026-02-27 15:30:00', '2026-03-01 09:30:00', 0, 1, 2),
(193, 'SM1170100193', 13, 2, 1, '2026-02-22', 18, '2026-02-24 09:00:00', '2026-02-25 10:00:00', '2026-02-28 09:00:00', '2026-03-01 10:00:00', 0, 0, 2),
(194, 'SM1170100194', 14, 2, 3, '2026-02-23', 18, '2026-02-24 09:30:00', '2026-02-25 10:30:00', '2026-02-28 09:30:00', '2026-03-01 10:30:00', 0, 0, 2),
(195, 'SM1170100195', 15, 3, 2, '2026-02-23', 18, '2026-02-24 10:00:00', '2026-02-25 11:00:00', '2026-02-28 10:00:00', '2026-03-01 11:00:00', 0, 0, 2),
(196, 'SM1170100196',  1, 3, 4, '2026-02-23', 18, '2026-02-24 10:30:00', '2026-02-25 11:30:00', '2026-02-28 10:30:00', '2026-03-01 11:30:00', 0, 0, 2),
(197, 'SM1170100197',  2, 1, 1, '2026-02-23', 18, '2026-02-24 11:00:00', '2026-02-25 14:00:00', '2026-02-28 11:00:00', '2026-03-01 14:00:00', 0, 0, 2),
(198, 'SM1170100198',  3, 1, 2, '2026-02-24', 18, '2026-02-24 11:30:00', '2026-02-25 14:30:00', '2026-02-28 11:30:00', '2026-03-01 14:30:00', 0, 0, 2),
(199, 'SM1170100199',  4, 2, 3, '2026-02-24', 18, '2026-02-25 08:00:00', '2026-02-26 09:00:00', '2026-02-28 14:00:00', '2026-03-01 15:00:00', 0, 0, 2),
(200, 'SM1170100200',  5, 2, 1, '2026-02-24', 18, '2026-02-25 08:30:00', '2026-02-26 09:30:00', '2026-02-28 14:30:00', '2026-03-01 15:30:00', 1, 0, 2),
(201, 'SM1170100201',  6, 3, 4, '2026-02-24', 18, '2026-02-25 09:00:00', '2026-02-26 10:00:00', '2026-02-28 15:00:00', '2026-03-02 09:00:00', 0, 0, 2),
(202, 'SM1170100202',  7, 3, 2, '2026-02-25', 18, '2026-02-25 09:30:00', '2026-02-26 10:30:00', '2026-02-28 15:30:00', '2026-03-02 09:30:00', 0, 0, 2),

-- RECHAZADO(19): 8 (rechazados desde distintos estados del flujo)
(203, 'SM1170100203',  8, 1, 1, '2026-03-01', 19, '2026-03-04 08:00:00', '2026-03-05 10:00:00', NULL, NULL, 0, 0, NULL),
(204, 'SM1170100204',  9, 1, 2, '2026-03-01', 19, '2026-03-04 08:30:00', '2026-03-05 10:30:00', NULL, NULL, 0, 0, NULL),
(205, 'SM1170100205', 10, 2, 3, '2026-03-02', 19, '2026-03-04 09:00:00', '2026-03-05 11:00:00', NULL, NULL, 0, 0, NULL),
(206, 'SM1170100206', 11, 2, 1, '2026-03-02', 19, '2026-03-04 09:30:00', '2026-03-05 11:30:00', NULL, NULL, 0, 0, NULL),
(207, 'SM1170100207', 12, 3, 4, '2026-03-02', 19, '2026-03-04 10:00:00', '2026-03-05 14:00:00', NULL, NULL, 1, 0, NULL),
(208, 'SM1170100208', 13, 3, 2, '2026-03-03', 19, '2026-03-04 10:30:00', '2026-03-05 14:30:00', NULL, NULL, 0, 0, NULL),
(209, 'SM1170100209', 14, 1, 1, '2026-03-03', 19, '2026-03-04 11:00:00', '2026-03-05 15:00:00', NULL, NULL, 0, 0, NULL),
(210, 'SM1170100210', 15, 1, 3, '2026-03-03', 19, '2026-03-04 11:30:00', '2026-03-05 15:30:00', NULL, NULL, 0, 0, NULL),

-- ANULADO(20): 5
(211, 'SM1170100211',  1, 2, 1, '2026-03-10', 20, '2026-03-13 08:00:00', NULL, NULL, NULL, 0, 0, NULL),
(212, 'SM1170100212',  2, 2, 2, '2026-03-10', 20, '2026-03-13 08:30:00', NULL, NULL, NULL, 0, 0, NULL),
(213, 'SM1170100213',  3, 3, 3, '2026-03-11', 20, '2026-03-13 09:00:00', NULL, NULL, NULL, 0, 0, NULL),
(214, 'SM1170100214',  4, 3, 4, '2026-03-11', 20, '2026-03-13 09:30:00', NULL, NULL, NULL, 1, 0, NULL),
(215, 'SM1170100215',  5, 1, 1, '2026-03-11', 20, '2026-03-13 10:00:00', NULL, NULL, NULL, 0, 0, NULL),

-- RE_FIRMADO(21): 3
(216, 'SM1170100216',  6, 1, 2, '2026-02-15', 21, '2026-02-18 08:00:00', '2026-02-19 10:00:00', '2026-02-22 09:00:00', '2026-02-23 10:00:00', 0, 0, 2),
(217, 'SM1170100217',  7, 2, 1, '2026-02-15', 21, '2026-02-18 08:30:00', '2026-02-19 10:30:00', '2026-02-22 09:30:00', '2026-02-23 10:30:00', 0, 0, 2),
(218, 'SM1170100218',  8, 3, 3, '2026-02-16', 21, '2026-02-18 09:00:00', '2026-02-19 11:00:00', '2026-02-22 10:00:00', '2026-02-23 11:00:00', 0, 0, 2),

-- RE_ENTREGADO(22): 2
(219, 'SM1170100219',  9, 1, 4, '2026-02-10', 22, '2026-02-13 08:00:00', '2026-02-14 10:00:00', '2026-02-17 09:00:00', '2026-02-20 10:00:00', 0, 0, 2),
(220, 'SM1170100220', 10, 2, 2, '2026-02-10', 22, '2026-02-13 08:30:00', '2026-02-14 10:30:00', '2026-02-17 09:30:00', '2026-02-20 10:30:00', 0, 0, 2);

-- ─── EXAMEN EXTENDIDO (datos clínicos para exámenes avanzados) ──────────────
INSERT INTO TBL_EXAMEN_EXTENDIDO (id_examen, observaciones, diagnostico_presuntivo, medico_solicitante, datos_adicionales, macroscopia, microscopia, diagnostico, conclusion, histologia)
SELECT e.id_examen,
    CASE WHEN e.id_estado >= 1 THEN CONCAT('Observaciones examen ', e.id_examen) ELSE NULL END,
    CASE WHEN e.id_estado >= 1 THEN 'Lesión a estudiar' ELSE NULL END,
    CASE WHEN e.id_estado >= 1 THEN 'Dr. Médico Solicitante' ELSE NULL END,
    NULL,
    CASE WHEN e.id_estado >= 9 THEN CONCAT('Descripción macroscópica examen ', e.id_examen) ELSE NULL END,
    CASE WHEN e.id_estado >= 11 THEN CONCAT('Descripción microscópica examen ', e.id_examen) ELSE NULL END,
    CASE WHEN e.id_estado >= 14 THEN CONCAT('Diagnóstico examen ', e.id_examen) ELSE NULL END,
    CASE WHEN e.id_estado >= 14 THEN CONCAT('Conclusión examen ', e.id_examen) ELSE NULL END,
    CASE WHEN e.id_estado >= 11 THEN CONCAT('Histología examen ', e.id_examen) ELSE NULL END
FROM TBL_EXAMEN e
WHERE e.id_examen BETWEEN 1 AND 220;

-- =============================================================================
-- LOGS DE TRANSICIÓN COHERENTES
-- Cada examen tiene un log por cada estado que atravesó hasta llegar a su estado actual.
-- usuario_id 1 = admin (SM_DEVELOPER) para simplificar.
-- =============================================================================

-- Procedimiento auxiliar: generar logs secuenciales para cada examen
-- Para cada examen, insertar logs desde CREADO(1) hasta su estado actual,
-- siguiendo el flujo secuencial. Los rechazados/anulados tienen un salto.

-- Usamos una tabla temporal con el flujo secuencial
DROP TEMPORARY TABLE IF EXISTS tmp_flujo;
CREATE TEMPORARY TABLE tmp_flujo (paso INT, id_estado INT);
INSERT INTO tmp_flujo VALUES
    (1,1),(2,2),(3,3),(4,4),(5,5),(6,6),(7,7),(8,8),(9,9),(10,10),
    (11,11),(12,12),(13,13),(14,14),(15,15),(16,16),(17,17),(18,18);

-- Para exámenes en flujo secuencial normal (estados 1-18):
-- Insertar log de creación (estado_anterior NULL)
INSERT INTO TBL_LOG_EXAMEN (id_examen, estado_anterior, estado_nuevo, id_usuario, ip, observacion, created_at)
SELECT e.id_examen, NULL, 1, 1, '192.168.1.100', 'Creación de examen',
    e.fecha_creacion
FROM TBL_EXAMEN e
WHERE e.id_examen BETWEEN 1 AND 220;

-- Insertar transiciones secuenciales para cada paso del flujo
-- Estado 1→2 (para exámenes que están en estado >= 2 y no son RECHAZADO/ANULADO)
INSERT INTO TBL_LOG_EXAMEN (id_examen, estado_anterior, estado_nuevo, id_usuario, ip, observacion, created_at)
SELECT e.id_examen, 1, 2, 1, '192.168.1.100', 'Avance a Para etiquetar',
    DATE_ADD(e.fecha_creacion, INTERVAL 2 HOUR)
FROM TBL_EXAMEN e WHERE e.id_estado >= 2 AND e.id_estado NOT IN (19,20) AND e.id_examen BETWEEN 1 AND 220;

INSERT INTO TBL_LOG_EXAMEN (id_examen, estado_anterior, estado_nuevo, id_usuario, ip, observacion, created_at)
SELECT e.id_examen, 2, 3, 1, '192.168.1.100', 'Avance a Para acopio',
    DATE_ADD(e.fecha_creacion, INTERVAL 4 HOUR)
FROM TBL_EXAMEN e WHERE e.id_estado >= 3 AND e.id_estado NOT IN (19,20) AND e.id_examen BETWEEN 1 AND 220;

INSERT INTO TBL_LOG_EXAMEN (id_examen, estado_anterior, estado_nuevo, id_usuario, ip, observacion, created_at)
SELECT e.id_examen, 3, 4, 1, '192.168.1.100', 'Avance a En acopio',
    DATE_ADD(e.fecha_creacion, INTERVAL 6 HOUR)
FROM TBL_EXAMEN e WHERE e.id_estado >= 4 AND e.id_estado NOT IN (19,20) AND e.id_examen BETWEEN 1 AND 220;

INSERT INTO TBL_LOG_EXAMEN (id_examen, estado_anterior, estado_nuevo, id_usuario, ip, observacion, created_at)
SELECT e.id_examen, 4, 5, 1, '192.168.1.100', 'Avance a Vía acopio',
    DATE_ADD(e.fecha_creacion, INTERVAL 8 HOUR)
FROM TBL_EXAMEN e WHERE e.id_estado >= 5 AND e.id_estado NOT IN (19,20) AND e.id_examen BETWEEN 1 AND 220;

INSERT INTO TBL_LOG_EXAMEN (id_examen, estado_anterior, estado_nuevo, id_usuario, ip, observacion, created_at)
SELECT e.id_examen, 5, 6, 1, '192.168.1.100', 'Avance a En tránsito',
    DATE_ADD(e.fecha_creacion, INTERVAL 1 DAY)
FROM TBL_EXAMEN e WHERE e.id_estado >= 6 AND e.id_estado NOT IN (19,20) AND e.id_examen BETWEEN 1 AND 220;

INSERT INTO TBL_LOG_EXAMEN (id_examen, estado_anterior, estado_nuevo, id_usuario, ip, observacion, created_at)
SELECT e.id_examen, 6, 7, 2, '192.168.1.101', 'Recepción en laboratorio',
    e.fecha_recepcion
FROM TBL_EXAMEN e WHERE e.id_estado >= 7 AND e.id_estado NOT IN (19,20) AND e.fecha_recepcion IS NOT NULL AND e.id_examen BETWEEN 1 AND 220;

INSERT INTO TBL_LOG_EXAMEN (id_examen, estado_anterior, estado_nuevo, id_usuario, ip, observacion, created_at)
SELECT e.id_examen, 7, 8, 2, '192.168.1.101', 'Inicio de procesamiento',
    DATE_ADD(e.fecha_recepcion, INTERVAL 2 HOUR)
FROM TBL_EXAMEN e WHERE e.id_estado >= 8 AND e.id_estado NOT IN (19,20) AND e.fecha_recepcion IS NOT NULL AND e.id_examen BETWEEN 1 AND 220;

INSERT INTO TBL_LOG_EXAMEN (id_examen, estado_anterior, estado_nuevo, id_usuario, ip, observacion, created_at)
SELECT e.id_examen, 8, 9, 2, '192.168.1.101', 'Avance a Macroscopía',
    DATE_ADD(e.fecha_recepcion, INTERVAL 4 HOUR)
FROM TBL_EXAMEN e WHERE e.id_estado >= 9 AND e.id_estado NOT IN (19,20) AND e.fecha_recepcion IS NOT NULL AND e.id_examen BETWEEN 1 AND 220;

INSERT INTO TBL_LOG_EXAMEN (id_examen, estado_anterior, estado_nuevo, id_usuario, ip, observacion, created_at)
SELECT e.id_examen, 9, 10, 2, '192.168.1.101', 'Avance a Lab técnico',
    DATE_ADD(e.fecha_recepcion, INTERVAL 1 DAY)
FROM TBL_EXAMEN e WHERE e.id_estado >= 10 AND e.id_estado NOT IN (19,20) AND e.fecha_recepcion IS NOT NULL AND e.id_examen BETWEEN 1 AND 220;

INSERT INTO TBL_LOG_EXAMEN (id_examen, estado_anterior, estado_nuevo, id_usuario, ip, observacion, created_at)
SELECT e.id_examen, 10, 11, 2, '192.168.1.101', 'Avance a Microscopía',
    DATE_ADD(e.fecha_recepcion, INTERVAL 26 HOUR)
FROM TBL_EXAMEN e WHERE e.id_estado >= 11 AND e.id_estado NOT IN (19,20) AND e.fecha_recepcion IS NOT NULL AND e.id_examen BETWEEN 1 AND 220;

INSERT INTO TBL_LOG_EXAMEN (id_examen, estado_anterior, estado_nuevo, id_usuario, ip, observacion, created_at)
SELECT e.id_examen, 11, 12, 2, '192.168.1.101', 'Muestra procesada',
    DATE_ADD(e.fecha_recepcion, INTERVAL 2 DAY)
FROM TBL_EXAMEN e WHERE e.id_estado >= 12 AND e.id_estado NOT IN (19,20) AND e.fecha_recepcion IS NOT NULL AND e.id_examen BETWEEN 1 AND 220;

INSERT INTO TBL_LOG_EXAMEN (id_examen, estado_anterior, estado_nuevo, id_usuario, ip, observacion, created_at)
SELECT e.id_examen, 12, 13, 2, '192.168.1.101', 'Inicio transcripción',
    DATE_ADD(e.fecha_recepcion, INTERVAL 50 HOUR)
FROM TBL_EXAMEN e WHERE e.id_estado >= 13 AND e.id_estado NOT IN (19,20) AND e.fecha_recepcion IS NOT NULL AND e.id_examen BETWEEN 1 AND 220;

INSERT INTO TBL_LOG_EXAMEN (id_examen, estado_anterior, estado_nuevo, id_usuario, ip, observacion, created_at)
SELECT e.id_examen, 13, 14, 2, '192.168.1.101', 'En diagnóstico',
    DATE_ADD(e.fecha_recepcion, INTERVAL 3 DAY)
FROM TBL_EXAMEN e WHERE e.id_estado >= 14 AND e.id_estado NOT IN (19,20) AND e.fecha_recepcion IS NOT NULL AND e.id_examen BETWEEN 1 AND 220;

INSERT INTO TBL_LOG_EXAMEN (id_examen, estado_anterior, estado_nuevo, id_usuario, ip, observacion, created_at)
SELECT e.id_examen, 14, 15, 2, '192.168.1.101', 'Pendiente validación',
    DATE_ADD(e.fecha_recepcion, INTERVAL 4 DAY)
FROM TBL_EXAMEN e WHERE e.id_estado >= 15 AND e.id_estado NOT IN (19,20) AND e.fecha_recepcion IS NOT NULL AND e.id_examen BETWEEN 1 AND 220;

INSERT INTO TBL_LOG_EXAMEN (id_examen, estado_anterior, estado_nuevo, id_usuario, ip, observacion, created_at)
SELECT e.id_examen, 15, 16, 2, '192.168.1.101', 'Pendiente firma',
    DATE_ADD(e.fecha_recepcion, INTERVAL 100 HOUR)
FROM TBL_EXAMEN e WHERE e.id_estado >= 16 AND e.id_estado NOT IN (19,20) AND e.fecha_recepcion IS NOT NULL AND e.id_examen BETWEEN 1 AND 220;

INSERT INTO TBL_LOG_EXAMEN (id_examen, estado_anterior, estado_nuevo, id_usuario, ip, observacion, created_at)
SELECT e.id_examen, 16, 17, 2, '192.168.1.101', 'Examen firmado',
    e.fecha_firma
FROM TBL_EXAMEN e WHERE e.id_estado >= 17 AND e.id_estado NOT IN (19,20) AND e.fecha_firma IS NOT NULL AND e.id_examen BETWEEN 1 AND 220;

INSERT INTO TBL_LOG_EXAMEN (id_examen, estado_anterior, estado_nuevo, id_usuario, ip, observacion, created_at)
SELECT e.id_examen, 17, 18, 1, '192.168.1.100', 'Examen entregado',
    e.fecha_entrega
FROM TBL_EXAMEN e WHERE e.id_estado >= 18 AND e.id_estado NOT IN (19,20) AND e.fecha_entrega IS NOT NULL AND e.id_examen BETWEEN 1 AND 220;

-- RE_FIRMADO (21): entregado → re_firmado
INSERT INTO TBL_LOG_EXAMEN (id_examen, estado_anterior, estado_nuevo, id_usuario, ip, observacion, created_at)
SELECT e.id_examen, 18, 21, 2, '192.168.1.101', 'Re-firma por corrección post-emisión',
    DATE_ADD(e.fecha_entrega, INTERVAL 2 DAY)
FROM TBL_EXAMEN e WHERE e.id_estado IN (21, 22) AND e.fecha_entrega IS NOT NULL AND e.id_examen BETWEEN 1 AND 220;

-- RE_ENTREGADO (22): re_firmado → re_entregado
INSERT INTO TBL_LOG_EXAMEN (id_examen, estado_anterior, estado_nuevo, id_usuario, ip, observacion, created_at)
SELECT e.id_examen, 21, 22, 1, '192.168.1.100', 'Re-entrega tras corrección',
    DATE_ADD(e.fecha_entrega, INTERVAL 3 DAY)
FROM TBL_EXAMEN e WHERE e.id_estado = 22 AND e.fecha_entrega IS NOT NULL AND e.id_examen BETWEEN 1 AND 220;

-- RECHAZADO (19): logs hasta el estado donde fueron rechazados
-- Exámenes 203-204: rechazados desde EN_LABORATORIO(7)
INSERT INTO TBL_LOG_EXAMEN (id_examen, estado_anterior, estado_nuevo, id_usuario, ip, observacion, created_at)
SELECT e.id_examen, 1, 2, 1, '192.168.1.100', 'Avance a Para etiquetar', DATE_ADD(e.fecha_creacion, INTERVAL 2 HOUR)
FROM TBL_EXAMEN e WHERE e.id_examen IN (203,204);
INSERT INTO TBL_LOG_EXAMEN (id_examen, estado_anterior, estado_nuevo, id_usuario, ip, observacion, created_at)
SELECT e.id_examen, 2, 3, 1, '192.168.1.100', 'Avance', DATE_ADD(e.fecha_creacion, INTERVAL 4 HOUR)
FROM TBL_EXAMEN e WHERE e.id_examen IN (203,204);
INSERT INTO TBL_LOG_EXAMEN (id_examen, estado_anterior, estado_nuevo, id_usuario, ip, observacion, created_at)
SELECT e.id_examen, 3, 4, 1, '192.168.1.100', 'Avance', DATE_ADD(e.fecha_creacion, INTERVAL 6 HOUR)
FROM TBL_EXAMEN e WHERE e.id_examen IN (203,204);
INSERT INTO TBL_LOG_EXAMEN (id_examen, estado_anterior, estado_nuevo, id_usuario, ip, observacion, created_at)
SELECT e.id_examen, 4, 5, 1, '192.168.1.100', 'Avance', DATE_ADD(e.fecha_creacion, INTERVAL 8 HOUR)
FROM TBL_EXAMEN e WHERE e.id_examen IN (203,204);
INSERT INTO TBL_LOG_EXAMEN (id_examen, estado_anterior, estado_nuevo, id_usuario, ip, observacion, created_at)
SELECT e.id_examen, 5, 6, 1, '192.168.1.100', 'Avance', DATE_ADD(e.fecha_creacion, INTERVAL 1 DAY)
FROM TBL_EXAMEN e WHERE e.id_examen IN (203,204);
INSERT INTO TBL_LOG_EXAMEN (id_examen, estado_anterior, estado_nuevo, id_usuario, ip, observacion, created_at)
SELECT e.id_examen, 6, 7, 2, '192.168.1.101', 'Recepción', e.fecha_recepcion
FROM TBL_EXAMEN e WHERE e.id_examen IN (203,204);
INSERT INTO TBL_LOG_EXAMEN (id_examen, estado_anterior, estado_nuevo, id_usuario, ip, observacion, created_at)
SELECT e.id_examen, 7, 19, 2, '192.168.1.101', 'Muestra rechazada: criterios de aceptación no cumplidos',
    DATE_ADD(e.fecha_recepcion, INTERVAL 1 HOUR)
FROM TBL_EXAMEN e WHERE e.id_examen IN (203,204);

-- 205-206: rechazados desde EN_PROCESO(8)
INSERT INTO TBL_LOG_EXAMEN (id_examen, estado_anterior, estado_nuevo, id_usuario, ip, observacion, created_at)
SELECT e.id_examen, 1, 2, 1, '192.168.1.100', 'Avance', DATE_ADD(e.fecha_creacion, INTERVAL 2 HOUR)
FROM TBL_EXAMEN e WHERE e.id_examen IN (205,206);
INSERT INTO TBL_LOG_EXAMEN (id_examen, estado_anterior, estado_nuevo, id_usuario, ip, observacion, created_at)
SELECT e.id_examen, 2, 3, 1, '192.168.1.100', 'Avance', DATE_ADD(e.fecha_creacion, INTERVAL 4 HOUR)
FROM TBL_EXAMEN e WHERE e.id_examen IN (205,206);
INSERT INTO TBL_LOG_EXAMEN (id_examen, estado_anterior, estado_nuevo, id_usuario, ip, observacion, created_at)
SELECT e.id_examen, 3, 4, 1, '192.168.1.100', 'Avance', DATE_ADD(e.fecha_creacion, INTERVAL 6 HOUR)
FROM TBL_EXAMEN e WHERE e.id_examen IN (205,206);
INSERT INTO TBL_LOG_EXAMEN (id_examen, estado_anterior, estado_nuevo, id_usuario, ip, observacion, created_at)
SELECT e.id_examen, 4, 5, 1, '192.168.1.100', 'Avance', DATE_ADD(e.fecha_creacion, INTERVAL 8 HOUR)
FROM TBL_EXAMEN e WHERE e.id_examen IN (205,206);
INSERT INTO TBL_LOG_EXAMEN (id_examen, estado_anterior, estado_nuevo, id_usuario, ip, observacion, created_at)
SELECT e.id_examen, 5, 6, 1, '192.168.1.100', 'Avance', DATE_ADD(e.fecha_creacion, INTERVAL 1 DAY)
FROM TBL_EXAMEN e WHERE e.id_examen IN (205,206);
INSERT INTO TBL_LOG_EXAMEN (id_examen, estado_anterior, estado_nuevo, id_usuario, ip, observacion, created_at)
SELECT e.id_examen, 6, 7, 2, '192.168.1.101', 'Recepción', e.fecha_recepcion
FROM TBL_EXAMEN e WHERE e.id_examen IN (205,206);
INSERT INTO TBL_LOG_EXAMEN (id_examen, estado_anterior, estado_nuevo, id_usuario, ip, observacion, created_at)
SELECT e.id_examen, 7, 8, 2, '192.168.1.101', 'En proceso', DATE_ADD(e.fecha_recepcion, INTERVAL 2 HOUR)
FROM TBL_EXAMEN e WHERE e.id_examen IN (205,206);
INSERT INTO TBL_LOG_EXAMEN (id_examen, estado_anterior, estado_nuevo, id_usuario, ip, observacion, created_at)
SELECT e.id_examen, 8, 19, 2, '192.168.1.101', 'Muestra rechazada: muestra inadecuada para procesamiento',
    DATE_ADD(e.fecha_recepcion, INTERVAL 4 HOUR)
FROM TBL_EXAMEN e WHERE e.id_examen IN (205,206);

-- 207-208: rechazados desde EN_MACROSCOPIA(9)
INSERT INTO TBL_LOG_EXAMEN (id_examen, estado_anterior, estado_nuevo, id_usuario, ip, observacion, created_at)
SELECT e.id_examen, 1, 2, 1, '192.168.1.100', 'Avance', DATE_ADD(e.fecha_creacion, INTERVAL 2 HOUR)
FROM TBL_EXAMEN e WHERE e.id_examen IN (207,208);
INSERT INTO TBL_LOG_EXAMEN (id_examen, estado_anterior, estado_nuevo, id_usuario, ip, observacion, created_at)
SELECT e.id_examen, 2, 3, 1, '192.168.1.100', 'Avance', DATE_ADD(e.fecha_creacion, INTERVAL 4 HOUR)
FROM TBL_EXAMEN e WHERE e.id_examen IN (207,208);
INSERT INTO TBL_LOG_EXAMEN (id_examen, estado_anterior, estado_nuevo, id_usuario, ip, observacion, created_at)
SELECT e.id_examen, 3, 4, 1, '192.168.1.100', 'Avance', DATE_ADD(e.fecha_creacion, INTERVAL 6 HOUR)
FROM TBL_EXAMEN e WHERE e.id_examen IN (207,208);
INSERT INTO TBL_LOG_EXAMEN (id_examen, estado_anterior, estado_nuevo, id_usuario, ip, observacion, created_at)
SELECT e.id_examen, 4, 5, 1, '192.168.1.100', 'Avance', DATE_ADD(e.fecha_creacion, INTERVAL 8 HOUR)
FROM TBL_EXAMEN e WHERE e.id_examen IN (207,208);
INSERT INTO TBL_LOG_EXAMEN (id_examen, estado_anterior, estado_nuevo, id_usuario, ip, observacion, created_at)
SELECT e.id_examen, 5, 6, 1, '192.168.1.100', 'Avance', DATE_ADD(e.fecha_creacion, INTERVAL 1 DAY)
FROM TBL_EXAMEN e WHERE e.id_examen IN (207,208);
INSERT INTO TBL_LOG_EXAMEN (id_examen, estado_anterior, estado_nuevo, id_usuario, ip, observacion, created_at)
SELECT e.id_examen, 6, 7, 2, '192.168.1.101', 'Recepción', e.fecha_recepcion
FROM TBL_EXAMEN e WHERE e.id_examen IN (207,208);
INSERT INTO TBL_LOG_EXAMEN (id_examen, estado_anterior, estado_nuevo, id_usuario, ip, observacion, created_at)
SELECT e.id_examen, 7, 8, 2, '192.168.1.101', 'En proceso', DATE_ADD(e.fecha_recepcion, INTERVAL 2 HOUR)
FROM TBL_EXAMEN e WHERE e.id_examen IN (207,208);
INSERT INTO TBL_LOG_EXAMEN (id_examen, estado_anterior, estado_nuevo, id_usuario, ip, observacion, created_at)
SELECT e.id_examen, 8, 9, 2, '192.168.1.101', 'Macroscopía', DATE_ADD(e.fecha_recepcion, INTERVAL 4 HOUR)
FROM TBL_EXAMEN e WHERE e.id_examen IN (207,208);
INSERT INTO TBL_LOG_EXAMEN (id_examen, estado_anterior, estado_nuevo, id_usuario, ip, observacion, created_at)
SELECT e.id_examen, 9, 19, 2, '192.168.1.101', 'Muestra rechazada: tejido necrótico, no evaluable',
    DATE_ADD(e.fecha_recepcion, INTERVAL 6 HOUR)
FROM TBL_EXAMEN e WHERE e.id_examen IN (207,208);

-- 209-210: rechazados desde POR_VALIDAR(15)
INSERT INTO TBL_LOG_EXAMEN (id_examen, estado_anterior, estado_nuevo, id_usuario, ip, observacion, created_at)
SELECT e.id_examen, 1, 2, 1, '192.168.1.100', 'Avance', DATE_ADD(e.fecha_creacion, INTERVAL 2 HOUR)
FROM TBL_EXAMEN e WHERE e.id_examen IN (209,210);
INSERT INTO TBL_LOG_EXAMEN (id_examen, estado_anterior, estado_nuevo, id_usuario, ip, observacion, created_at)
SELECT e.id_examen, 2, 3, 1, '192.168.1.100', 'Avance', DATE_ADD(e.fecha_creacion, INTERVAL 4 HOUR)
FROM TBL_EXAMEN e WHERE e.id_examen IN (209,210);
INSERT INTO TBL_LOG_EXAMEN (id_examen, estado_anterior, estado_nuevo, id_usuario, ip, observacion, created_at)
SELECT e.id_examen, 3, 4, 1, '192.168.1.100', 'Avance', DATE_ADD(e.fecha_creacion, INTERVAL 6 HOUR)
FROM TBL_EXAMEN e WHERE e.id_examen IN (209,210);
INSERT INTO TBL_LOG_EXAMEN (id_examen, estado_anterior, estado_nuevo, id_usuario, ip, observacion, created_at)
SELECT e.id_examen, 4, 5, 1, '192.168.1.100', 'Avance', DATE_ADD(e.fecha_creacion, INTERVAL 8 HOUR)
FROM TBL_EXAMEN e WHERE e.id_examen IN (209,210);
INSERT INTO TBL_LOG_EXAMEN (id_examen, estado_anterior, estado_nuevo, id_usuario, ip, observacion, created_at)
SELECT e.id_examen, 5, 6, 1, '192.168.1.100', 'Avance', DATE_ADD(e.fecha_creacion, INTERVAL 1 DAY)
FROM TBL_EXAMEN e WHERE e.id_examen IN (209,210);
INSERT INTO TBL_LOG_EXAMEN (id_examen, estado_anterior, estado_nuevo, id_usuario, ip, observacion, created_at)
SELECT e.id_examen, 6, 7, 2, '192.168.1.101', 'Recepción', e.fecha_recepcion
FROM TBL_EXAMEN e WHERE e.id_examen IN (209,210);
INSERT INTO TBL_LOG_EXAMEN (id_examen, estado_anterior, estado_nuevo, id_usuario, ip, observacion, created_at)
SELECT e.id_examen, 7, 8, 2, '192.168.1.101', 'En proceso', DATE_ADD(e.fecha_recepcion, INTERVAL 2 HOUR)
FROM TBL_EXAMEN e WHERE e.id_examen IN (209,210);
INSERT INTO TBL_LOG_EXAMEN (id_examen, estado_anterior, estado_nuevo, id_usuario, ip, observacion, created_at)
SELECT e.id_examen, 8, 9, 2, '192.168.1.101', 'Macroscopía', DATE_ADD(e.fecha_recepcion, INTERVAL 4 HOUR)
FROM TBL_EXAMEN e WHERE e.id_examen IN (209,210);
INSERT INTO TBL_LOG_EXAMEN (id_examen, estado_anterior, estado_nuevo, id_usuario, ip, observacion, created_at)
SELECT e.id_examen, 9, 10, 2, '192.168.1.101', 'Lab técnico', DATE_ADD(e.fecha_recepcion, INTERVAL 1 DAY)
FROM TBL_EXAMEN e WHERE e.id_examen IN (209,210);
INSERT INTO TBL_LOG_EXAMEN (id_examen, estado_anterior, estado_nuevo, id_usuario, ip, observacion, created_at)
SELECT e.id_examen, 10, 11, 2, '192.168.1.101', 'Microscopía', DATE_ADD(e.fecha_recepcion, INTERVAL 26 HOUR)
FROM TBL_EXAMEN e WHERE e.id_examen IN (209,210);
INSERT INTO TBL_LOG_EXAMEN (id_examen, estado_anterior, estado_nuevo, id_usuario, ip, observacion, created_at)
SELECT e.id_examen, 11, 12, 2, '192.168.1.101', 'Procesada', DATE_ADD(e.fecha_recepcion, INTERVAL 2 DAY)
FROM TBL_EXAMEN e WHERE e.id_examen IN (209,210);
INSERT INTO TBL_LOG_EXAMEN (id_examen, estado_anterior, estado_nuevo, id_usuario, ip, observacion, created_at)
SELECT e.id_examen, 12, 13, 2, '192.168.1.101', 'Transcripción', DATE_ADD(e.fecha_recepcion, INTERVAL 50 HOUR)
FROM TBL_EXAMEN e WHERE e.id_examen IN (209,210);
INSERT INTO TBL_LOG_EXAMEN (id_examen, estado_anterior, estado_nuevo, id_usuario, ip, observacion, created_at)
SELECT e.id_examen, 13, 14, 2, '192.168.1.101', 'Diagnóstico', DATE_ADD(e.fecha_recepcion, INTERVAL 3 DAY)
FROM TBL_EXAMEN e WHERE e.id_examen IN (209,210);
INSERT INTO TBL_LOG_EXAMEN (id_examen, estado_anterior, estado_nuevo, id_usuario, ip, observacion, created_at)
SELECT e.id_examen, 14, 15, 2, '192.168.1.101', 'Por validar', DATE_ADD(e.fecha_recepcion, INTERVAL 4 DAY)
FROM TBL_EXAMEN e WHERE e.id_examen IN (209,210);
INSERT INTO TBL_LOG_EXAMEN (id_examen, estado_anterior, estado_nuevo, id_usuario, ip, observacion, created_at)
SELECT e.id_examen, 15, 19, 2, '192.168.1.101', 'Rechazado en validación: resultado no concluyente, requiere nueva muestra',
    DATE_ADD(e.fecha_recepcion, INTERVAL 100 HOUR)
FROM TBL_EXAMEN e WHERE e.id_examen IN (209,210);

-- ANULADO (20): anulados desde distintos estados tempranos
-- 211: anulado desde CREADO(1)
INSERT INTO TBL_LOG_EXAMEN (id_examen, estado_anterior, estado_nuevo, id_usuario, ip, observacion, created_at)
SELECT e.id_examen, 1, 20, 1, '192.168.1.100', 'Anulado: solicitud duplicada',
    DATE_ADD(e.fecha_creacion, INTERVAL 1 HOUR)
FROM TBL_EXAMEN e WHERE e.id_examen = 211;

-- 212: anulado desde PARA_ETIQUETAR(2)
INSERT INTO TBL_LOG_EXAMEN (id_examen, estado_anterior, estado_nuevo, id_usuario, ip, observacion, created_at)
SELECT e.id_examen, 1, 2, 1, '192.168.1.100', 'Avance', DATE_ADD(e.fecha_creacion, INTERVAL 2 HOUR)
FROM TBL_EXAMEN e WHERE e.id_examen = 212;
INSERT INTO TBL_LOG_EXAMEN (id_examen, estado_anterior, estado_nuevo, id_usuario, ip, observacion, created_at)
SELECT e.id_examen, 2, 20, 1, '192.168.1.100', 'Anulado: paciente retiró consentimiento',
    DATE_ADD(e.fecha_creacion, INTERVAL 4 HOUR)
FROM TBL_EXAMEN e WHERE e.id_examen = 212;

-- 213: anulado desde PARA_ACOPIO(3)
INSERT INTO TBL_LOG_EXAMEN (id_examen, estado_anterior, estado_nuevo, id_usuario, ip, observacion, created_at)
SELECT e.id_examen, 1, 2, 1, '192.168.1.100', 'Avance', DATE_ADD(e.fecha_creacion, INTERVAL 2 HOUR)
FROM TBL_EXAMEN e WHERE e.id_examen = 213;
INSERT INTO TBL_LOG_EXAMEN (id_examen, estado_anterior, estado_nuevo, id_usuario, ip, observacion, created_at)
SELECT e.id_examen, 2, 3, 1, '192.168.1.100', 'Avance', DATE_ADD(e.fecha_creacion, INTERVAL 4 HOUR)
FROM TBL_EXAMEN e WHERE e.id_examen = 213;
INSERT INTO TBL_LOG_EXAMEN (id_examen, estado_anterior, estado_nuevo, id_usuario, ip, observacion, created_at)
SELECT e.id_examen, 3, 20, 1, '192.168.1.100', 'Anulado: error en datos del paciente',
    DATE_ADD(e.fecha_creacion, INTERVAL 6 HOUR)
FROM TBL_EXAMEN e WHERE e.id_examen = 213;

-- 214: anulado desde EN_TRANSITO(6)
INSERT INTO TBL_LOG_EXAMEN (id_examen, estado_anterior, estado_nuevo, id_usuario, ip, observacion, created_at)
SELECT e.id_examen, 1, 2, 1, '192.168.1.100', 'Avance', DATE_ADD(e.fecha_creacion, INTERVAL 2 HOUR)
FROM TBL_EXAMEN e WHERE e.id_examen = 214;
INSERT INTO TBL_LOG_EXAMEN (id_examen, estado_anterior, estado_nuevo, id_usuario, ip, observacion, created_at)
SELECT e.id_examen, 2, 3, 1, '192.168.1.100', 'Avance', DATE_ADD(e.fecha_creacion, INTERVAL 4 HOUR)
FROM TBL_EXAMEN e WHERE e.id_examen = 214;
INSERT INTO TBL_LOG_EXAMEN (id_examen, estado_anterior, estado_nuevo, id_usuario, ip, observacion, created_at)
SELECT e.id_examen, 3, 4, 1, '192.168.1.100', 'Avance', DATE_ADD(e.fecha_creacion, INTERVAL 6 HOUR)
FROM TBL_EXAMEN e WHERE e.id_examen = 214;
INSERT INTO TBL_LOG_EXAMEN (id_examen, estado_anterior, estado_nuevo, id_usuario, ip, observacion, created_at)
SELECT e.id_examen, 4, 5, 1, '192.168.1.100', 'Avance', DATE_ADD(e.fecha_creacion, INTERVAL 8 HOUR)
FROM TBL_EXAMEN e WHERE e.id_examen = 214;
INSERT INTO TBL_LOG_EXAMEN (id_examen, estado_anterior, estado_nuevo, id_usuario, ip, observacion, created_at)
SELECT e.id_examen, 5, 6, 1, '192.168.1.100', 'Avance', DATE_ADD(e.fecha_creacion, INTERVAL 1 DAY)
FROM TBL_EXAMEN e WHERE e.id_examen = 214;
INSERT INTO TBL_LOG_EXAMEN (id_examen, estado_anterior, estado_nuevo, id_usuario, ip, observacion, created_at)
SELECT e.id_examen, 6, 20, 1, '192.168.1.100', 'Anulado: muestra dañada en tránsito',
    DATE_ADD(e.fecha_creacion, INTERVAL 26 HOUR)
FROM TBL_EXAMEN e WHERE e.id_examen = 214;

-- 215: anulado desde EN_ACOPIO(4)
INSERT INTO TBL_LOG_EXAMEN (id_examen, estado_anterior, estado_nuevo, id_usuario, ip, observacion, created_at)
SELECT e.id_examen, 1, 2, 1, '192.168.1.100', 'Avance', DATE_ADD(e.fecha_creacion, INTERVAL 2 HOUR)
FROM TBL_EXAMEN e WHERE e.id_examen = 215;
INSERT INTO TBL_LOG_EXAMEN (id_examen, estado_anterior, estado_nuevo, id_usuario, ip, observacion, created_at)
SELECT e.id_examen, 2, 3, 1, '192.168.1.100', 'Avance', DATE_ADD(e.fecha_creacion, INTERVAL 4 HOUR)
FROM TBL_EXAMEN e WHERE e.id_examen = 215;
INSERT INTO TBL_LOG_EXAMEN (id_examen, estado_anterior, estado_nuevo, id_usuario, ip, observacion, created_at)
SELECT e.id_examen, 3, 4, 1, '192.168.1.100', 'Avance', DATE_ADD(e.fecha_creacion, INTERVAL 6 HOUR)
FROM TBL_EXAMEN e WHERE e.id_examen = 215;
INSERT INTO TBL_LOG_EXAMEN (id_examen, estado_anterior, estado_nuevo, id_usuario, ip, observacion, created_at)
SELECT e.id_examen, 4, 20, 1, '192.168.1.100', 'Anulado: muestra contaminada en acopio',
    DATE_ADD(e.fecha_creacion, INTERVAL 8 HOUR)
FROM TBL_EXAMEN e WHERE e.id_examen = 215;

-- Limpiar temporal
DROP TEMPORARY TABLE IF EXISTS tmp_flujo;

-- ─── VERIFICACIÓN ───────────────────────────────────────────────────────────
SELECT
    CONCAT('Total exámenes: ', COUNT(*)) AS resultado
FROM TBL_EXAMEN WHERE id_examen BETWEEN 1 AND 220;

SELECT
    es.nombre AS Estado,
    COUNT(*) AS Cantidad
FROM TBL_EXAMEN e
INNER JOIN TBL_ESTADO es ON es.id_estado = e.id_estado
WHERE e.id_examen BETWEEN 1 AND 220
GROUP BY es.nombre, es.orden
ORDER BY es.orden;

SELECT CONCAT('Total logs: ', COUNT(*)) AS resultado
FROM TBL_LOG_EXAMEN WHERE id_examen BETWEEN 1 AND 220;

SELECT 'Datos de prueba insertados exitosamente' AS resultado;
